{"cameraMode":{"drawMode":0,"name":"Shaded","section":"Shading Mode"},"sceneLighting":true,"audioPlay":false,"sceneViewState":{"showFog":false,"showMaterialUpdate":false,"showSkybox":false,"showFlares":false,"showImageEffects":false,"showParticleSystems":true},"in2DMode":false,"pivot":{"x":-9.705877304077149,"y":14.637210845947266,"z":-0.7868632078170776},"rotation":{"x":-0.12905347347259522,"y":-0.7548763155937195,"z":0.15616923570632935,"w":-0.623793363571167},"size":11.02551555633545,"orthographic":false}